Сергей, 428548883, /sum 5 6
Сергей, 428548883, /help
Сергей, 428548883, /time
Alexander, 1922797485, /help
Alexander, 1922797485, /time
Alexander, 1922797485, /sum
Сергей, 428548883, /hi
Alexander, 1922797485, /help
Alexander, 1922797485, /hi
Сергей, 428548883, /sum
Сергей, 428548883, /sum 15 16
Alexander, 1922797485, /sum 15 16
Сергей, 428548883, /help
Philipp, 724060524, /help
Philipp, 724060524, /hi
Philipp, 724060524, /time
Philipp, 724060524, /help
Philipp, 724060524, /sum
Philipp, 724060524, /sum
Philipp, 724060524, /sum
Philipp, 724060524, /sum
Сергей, 428548883, /hi
Сергей, 428548883, /hi
Сергей, 428548883, /hi
Alexander, 1922797485, /hi
Alexander, 1922797485, /hi
Сергей, 428548883, /hi
Alexander, 1922797485, /hi
Сергей, 428548883, /hi
Alexander, 1922797485, /hi
Сергей, 428548883, /hi
Сергей, 428548883, /hi
Alexander, 1922797485, /hi
Сергей, 428548883, /hi
Philipp, 724060524, /help
Alexander, 1922797485, /game
Сергей, 428548883, /game
Philipp, 724060524, /game
Сергей, 428548883, /game
Alexander, 1922797485, /game
Philipp, 724060524, /game
Alexander, 1922797485, /game
Alexander, 1922797485, /game
Alexander, 1922797485, /game
Alexander, 1922797485, /game
Сергей, 428548883, /game
Philipp, 724060524, /game
Сергей, 428548883, /time
Сергей, 428548883, /time
Сергей, 428548883, /help
Сергей, 428548883, /start
Сергей, 428548883, /help
